Model,Test Accuracy,Test Precision,Test Recall,Test Loss,Training Time (min),Parameters (M),F1-Score
VGG16,0.9234,0.9156,0.9423,0.2145,12,14.7,0.9287581462942032
ResNet50,0.9312,0.9245,0.9487,0.1987,15,23.5,0.9364436792654282
DenseNet121,0.9456,0.9389,0.9543,0.1756,18,7.0,0.9465373653074161
EfficientNetB0,0.9521,0.9467,0.9612,0.1623,22,4.0,0.9538949001519996
